#node	identifier	shortDescription
NIMIN1	AT1G02450	NIM1-interacting 1
ORA59	AT1G06160	Octadecanoid-responsive Arabidopsis AP2/ERF 59; Probably acts as a transcriptional activator. Binds to the GCC-box pathogenesis-related promoter element. May be involved in the regulation of gene expression by stress factors and by components of stress signal transduction pathways. Acts as an essential integrator of the JA and ethylene signal transduction pathways. Activates the expression of the PDF1.2A gene
TGA9	AT1G08320	TGACG (TGA) motif-binding protein 9
AT1G08590	AT1G08590	Leucine-rich receptor-like protein kinase-like protein; Involved in the regulation of procambium maintenance and polarity during vascular-tissue development (PubMed:17570668). Phosphorylates HIRD11 and LHCA1 in vitro (PubMed:25602612)
EDR1	AT1G08720	"ENHANCED DISEASE RESISTANCE 1; MAPKKK serine/threonine-protein kinase involved in the regulation of a MAP kinase cascade (probably including MPK3 and MPK6) that negatively regulates salicylic acid- (SA-) dependent defense responses, abscisic acid (ABA) signaling, and ethylene- induced senescence. Modulates also stress response (e.g. drought) signaling and cell death, in an ORE9-dependent manner. Functions at a point of cross talk between ethylene, ABA and SA signaling that impinges on senescence and cell death. On the other hand, it confers sensitivity to various pathogens such as the  [...] "
NIMIN-3	AT1G09415	NIM1-interacting 3
At1g09970	AT1G09970	Leucine-rich receptor-like protein kinase
MPK1	AT1G10210	Encodes ATMPK1
AT1G15710	AT1G15710	Prephenate dehydrogenase family protein; Involved in the biosynthesis of tyrosine. Has a weak prephenate dehydrogenase activity
PEPR2	AT1G17750	"PEP1 receptor 2; Acts as a receptor for PEP defense peptides. Unlike typical immune receptors, senses an endogenous elicitor that potentiates PAMP-inducible plant responses (By similarity)"
ICS2	AT1G18870	Isochorismate synthase 2; Involved in the synthesis of salicylic acid (SA) required for both local and systemic acquired resistance (LAR and SAR) while SA synthesized through the phenylalanine ammonium lyase (PAL) pathway seems to potentiate plant cell death. Also involved in phylloquinone (vitamin K1) synthesis. Has no isochorismate pyruvate lyase (IPL) activity
FMO1	AT1G19250	Flavin-dependent monooxygenase 1; Required for the establishment of systemic acquired resistance (SAR). Not involved in local defense mechanisms. Confers a salicylic acid-dependent (SA) resistance to virulent pathogens such as P.syringae pv tomato and H.parasitica
TGA3	AT1G22070	TGA1A-related gene 3; Transcriptional activator that binds specifically to the DNA sequence 5'-TGACG-3'. Recognizes ocs elements like the as-1 motif of the cauliflower mosaic virus 35S promoter. Binding to the as-1-like cis elements mediate auxin- and salicylic acid-inducible transcription. Required to induce the systemic acquired resistance (SAR) via the regulation of pathogenesis-related genes expression. Binding to the as-1 element of PR-1 promoter is salicylic acid- inducible and mediated by NPR1. Could also bind to the Hex-motif (5'-TGACGTGG-3') another cis-acting element found in [...] 
AT1G24807	AT1G24807	Anthranilate synthase component II
AT1G25155.1	AT1G25155	Anthranilate synthase component II
ASB1	AT1G25220	"Anthranilate synthase beta subunit 1; Part of a heterotetrameric complex that catalyzes the two-step biosynthesis of anthranilate, an intermediate in the biosynthesis of L-tryptophan. In the first step, the glutamine- binding beta subunit of anthranilate synthase (AS) provides the glutamine amidotransferase activity which generates ammonia as a substrate that, along with chorismate, is used in the second step, catalyzed by the large alpha subunit of AS to produce anthranilate. Plays an important regulatory role in auxin production via the tryptophan-dependent biosynthetic pathway"
CUL3	AT1G26830	"Cullin 3; Component of the cullin-RING ubiquitin ligases (CRL), or CUL3-RBX1-BTB protein E3 ligase complexes which mediate the ubiquitination and subsequent proteasomal degradation of target proteins. The functional specificity of the CRL complex depends on the BTB domain-containing protein as the susbstrate recognition component. Involved in embryo pattern formation and endosperm development. Required for the normal division and organization of the root stem cells and columella root cap cells. Regulates primary root growth by an unknown pathway, but in an ethylene- dependent manner. F [...] "
GRX480	AT1G28480	glutaredoxin-C9; Has a glutathione-disulfide oxidoreductase activity in the presence of NADPH and glutathione reductase. Reduces low molecular weight disulfides and proteins (By similarity)
MYC2	AT1G32640	"Transcription factor MYC2; Transcriptional activator. Common transcription factor of light, abscisic acid (ABA), and jasmonic acid (JA) signaling pathways. With MYC3 and MYC4, controls additively subsets of JA- dependent responses. In cooperation with MYB2 is involved in the regulation of ABA-inducible genes under drought stress conditions. Can form complexes with all known glucosinolate-related MYBs to regulate glucosinolate biosynthesis. Binds to the MYC recognition site (5'-CACATG-3'), and to the G-box (5'-CACNTG-3') and Z-box (5'-ATACGTGT-3') of promoters. Binds directly to the pro [...] "
TRX5	AT1G45145	"Thioredoxin H5; Thiol-disulfide oxidoreductase involved in response to pathogens and oxidative stresses. Required for the response to victorin, a phytotoxin which induces programmed cell death in sensitive plants. Possesses insulin disulfide bonds reducing activity"
EMB1144	AT1G48850	"Chorismate synthase; Catalyzes the last common step of the biosynthesis of aromatic amino acids, produced via the shikimic acid pathway"
MNS1	AT1G51590	"Alpha-mannosidase 1; Class I alpha-mannosidase essential for early N-glycan processing. Progressively trim alpha-1,2-linked mannose residues. Produces Man(5)GlcNAc(2) from Man(8)GlcNAc(2), but only Man(6)GlcNAc(2) from Man(9)GlcNAc(2). Have difficulty acting on the terminal mannose of the b-branch. Involved in root development and cell wall biosynthesis"
BRL1	AT1G55610	"BRI1 like; Receptor with a serine/threonine-protein kinase activity. Regulates, in response to brassinosteroid binding, a signaling cascade involved in plant development. Binds brassinolide. May be involved in cell growth and vascular differentiation"
ASP4	AT1G62800	"Aspartate aminotransferase; Important for the metabolism of amino acids and Krebs- cycle related organic acids. In plants, it is involved in nitrogen metabolism and in aspects of carbon and energy metabolism"
AT1G62950	AT1G62950	Putative leucine-rich repeat transmembrane protein kinase
NPR1	AT1G64280	"Regulatory protein NPR1; May act as a substrate-specific adapter of an E3 ubiquitin-protein ligase complex (CUL3-RBX1-BTB) which mediates the ubiquitination and subsequent proteasomal degradation of target proteins (By similarity). Key positive regulator of the SA- dependent signaling pathway that negatively regulates JA-dependent signaling pathway. Mediates the binding of TGA factors to the as-1 motif found in the pathogenesis-related PR-1 gene, leading to the transcriptional regulation of the gene defense. Controls the onset of systemic acquired resistance (SAR). Upon SAR induction,  [...] "
ETR1	AT1G66340	"ETHYLENE RESPONSE 1; Ethylene receptor related to bacterial two-component regulators. Acts as a redundant negative regulator of ethylene signaling (PubMed:15466228, PubMed:15703053). In the presence of ethylene, the auto-kinase activity of ETR1 is inhibited and the non-phosphorylated kinase domain binds tightly to the corresponding domain of EIN2 (PubMed:20591837)"
PAN	AT1G68640	PERIANTHIA; Transcriptional activator involved in the determination of floral organ number. Acts to determine floral organ patterning by establishing floral organ primordia in specific numbers and positions. Plays a role in regulating stem cell fate by directly controlling AG expression. Binds to the 5'-AAGAAT-3' cis-acting element found in AG promoter. Might represent a target for a post- translational modification by GRXC7/ROXY1
bZIP	AT1G68880	Basic leucine-zipper 8
PHYLLO	AT1G68890	PHYLLO; Multifunctional enzyme required for phylloquinone (vitamin K1) biosynthesis
CM3	AT1G69370	Chorismate mutase 3; May play a role in chloroplast biogenesis
THI2.1	AT1G72260	Thionin 2.1; Seems to function as a defense factor. Thionins are small plant proteins which are toxic to animal cells. They seem to exert their toxic effect at the level of the cell membrane. Their precise function is not known
PSY1R	AT1G72300	"PSY1 receptor; Tyrosine-sulfated glycopeptide receptor with a serine/threonine-protein kinase activity. Regulates, in response to tyrosine-sulfated glycopeptide binding, a signaling cascade involved in cellular proliferation and plant growth. Not involved in PSK perception"
TIR	AT1G72930	"Toll/interleukin-1 receptor-like; Disease resistance protein. Resistance proteins guard the plant against pathogens that contain an appropriate avirulence protein via a direct or indirect interaction with this avirulence protein. That triggers a defense system including the hypersensitive response, which restricts the pathogen growth (By similarity)"
PEPR1	AT1G73080	"PEP1 receptor 1; Acts as a receptor for PEP defense peptides. Unlike typical immune receptors, senses an endogenous elicitor that potentiates PAMP-inducible plant responses"
AT1G74360	AT1G74360	Leucine-rich repeat protein kinase family protein
EDS16	AT1G74710	Isochorismate synthase 1; Involved in the synthesis of salicylic acid (SA) required for both local and systemic acquired resistance (LAR and SAR) while SA synthesized through the phenylalanine ammonium lyase (PAL) pathway seems to potentiate plant cell death. Also involved in phylloquinone (vitamin K1) synthesis. Has no isochorismate pyruvate lyase (IPL) activity
PR5	AT1G75040	Pathogenesis-related gene 5; Partially responsible for acquired pathogen resistance
AT1G75640	AT1G75640	Putative leucine-rich receptor-like protein kinase
TGA7	AT1G77920	Transcription factor TGA7; Transcriptional activator that binds specifically to the DNA sequence 5'-TGACG-3'. Recognizes ocs elements like the as-1 motif of the cauliflower mosaic virus 35S promoter. Binding to the as-1-like cis elements mediate auxin- and salicylic acid-inducible transcription. May be involved in the induction of the systemic acquired resistance (SAR) via its interaction with NPR1 (By similarity)
AT1G78780	AT1G78780	Pathogenesis-related protein
PR1	AT2G14610	Pathogenesis-related gene 1; Partially responsible for acquired pathogen resistance
AAT	AT2G22250	Aspartate aminotransferase; Prokaryotic-type aspartate aminotransferase. Has also a prenate transaminase activity. Involved in the aromatic amino acids biosynthesis pathway via the arogenate route. Required for the transamination of prephenate into arogenate. Required for early development of the embryo
AT2G24130	AT2G24130	Leucine-rich receptor-like protein kinase family protein
TAT3	AT2G24850	Tyrosine aminotransferase 3
TE1	AT2G26330	"ERECTA; Receptor kinase that, together with ERL1 and ERL2, regulates aerial architecture, including inflorescence (e.g. shoot apical meristem-originating organ shape, elongation of the internode and pedicels, and adaxial-abaxial polarity), and stomatal patterning (e.g. density and clustering), probably by tuning cell division and expansion. Redundantly involved with ERL1 in procambial development regulation. Forms a functional ligand- receptor pair with EPF2 (AC Q8LC53) (PubMed:22241782). Modulates plant transpiration efficiency by controlling stomatal density, leaf photosynthetic capa [...] "
EIL1	AT2G27050	ETHYLENE-INSENSITIVE3-like 1; Probable transcription factor acting as a positive regulator in the ethylene response pathway. Could bind the primary ethylene response element present in the ETHYLENE-RESPONSE-FACTOR1 promoter
ASA2	AT2G29690	"Anthranilate synthase 2; Part of a heterotetrameric complex that catalyzes the two-step biosynthesis of anthranilate, an intermediate in the biosynthesis of L-tryptophan. In the first step, the glutamine- binding beta subunit of anthranilate synthase (AS) provides the glutamine amidotransferase activity which generates ammonia as a substrate that, along with chorismate, is used in the second step, catalyzed by the large alpha subunit of AS to produce anthranilate (By similarity)"
ASP1	AT2G30970	"Aspartate aminotransferase; Amino acid aminotransferase important for the metabolism of amino acids and Krebs-cycle related organic acids. No activity with D-Asp or D-Ala as amino donors. In plants, it is involved in nitrogen metabolism and in aspects of carbon and energy metabolism"
COI1	AT2G39940	"CORONATINE INSENSITIVE 1; Required for jasmonate-regulated plant fertility and defense processes, and for coronatine and/or other elicitors perceptions/responses. Seems to not be required for meiosis. Required for the regulation of some genes induced by wounding, but not for all. Component of SCF(COI1) E3 ubiquitin ligase complexes, which may mediate the ubiquitination and subsequent proteasomal degradation of target proteins (probably including the ribulose bisphosphate carboxylase small chain 1B RBCS-1B and the histone deacetylase HDA6). These SCF complexes play crucial roles in regu [...] "
AT2G40860	AT2G40860	Putative protein phosphatase 2C 31
CHI	AT2G43570	"Chitinase, putative"
MPK6	AT2G43790	"MAP kinase 6; Involved in oxidative stress-mediated signaling cascade (such as ozone). Involved in the innate immune MAP kinase signaling cascade (MEKK1, MKK4/MKK5 and MPK3/MPK6) downstream of bacterial flagellin receptor FLS2. May be involved in hypersensitive response (HR)-mediated signaling cascade by modulating LIP5 phosphorylation and subsequent multivesicular bodies (MVBs) trafficking. May phosphorylate regulators of WRKY transcription factors. Phosphorylates 1-aminocyclopropane-1- carboxylic acid synthases (ACS2 and ACS6) and may be involved in the regulation of bacterial elicit [...] "
JAR1	AT2G46370	"JASMONATE RESISTANT 1; Catalyzes the synthesis of jasmonates-amino acid conjugates by adenylation; can use Ile and, in vitro at least, Val, Leu and Phe as conjugating amino acids on jasmonic acid (JA) and 9,10-dihydro-JA substrates, and to a lower extent, on 3-oxo-2- (2Z-pentenyl)-cyclopentane-1-butyric acid (OPC-4) and 12-hydroxy- JA (12-OH-JA). Can synthesize adenosine 5-tetraphosphate in vitro. Required for the JA-mediated signaling pathway that regulates many developmental and defense mechanisms, including growth root inhibition, vegetative storage proteins (VSPs) accumulation, ind [...] "
RPK2	AT3G02130	"Receptor-like protein kinase 2; Key regulator of anther development (e.g. lignification pattern), including tapetum degradation during pollen maturation (e.g. germination capacity). Together with RPK1, required for pattern formation along the radial axis (e.g. the apical embryonic domain cell types that generate cotyledon primordia), and the apical-basal axis (e.g. differentiation of the basal pole during early embryogenesis)"
PR4	AT3G04720	"Hevein-like protein; Fungal growth inhibitors. Neither CB-HEL nor CD-HEL have chitinase activity, but both have antimicrobial activities. CD-HEL has RNase, but no DNase activity"
RPM1	AT3G07040	"Disease resistance protein RPM1; Disease resistance (R) protein that specifically recognizes the AvrRpm1 type III effector avirulence protein from Pseudomonas syringae. Resistance proteins guard the plant against pathogens that contain an appropriate avirulence protein via an indirect interaction with this avirulence protein. That triggers a defense system including the hypersensitive response, which restricts the pathogen growth. Acts via its interaction with RIN4, and probably triggers the plant resistance when RIN4 is phosphorylated by AvrRpm1. It is then degraded at the onset of th [...] "
TGA6	AT3G12250	Transcription factor TGA6
HCHIB	AT3G12500	"Chitinase; Defense against chitin-containing fungal pathogens. Seems particularly implicated in resistance to jasmonate-inducing pathogens such as A.brassicicola. In vitro antifungal activity against T.reesei, but not against A.solani, F.oxysporum, S.sclerotiorum, G.graminis and P.megasperma"
BRL3	AT3G13380	"BRI1-like 3; Receptor with a dual specificity kinase activity acting on both serine/threonine- and tyrosine-containing substrates. Binds brassinolide. Regulates, in response to brassinosteroid binding, a signaling cascade involved in plant development. May be involved in cell growth and vascular differentiation"
AT3G15220	AT3G15220	Putative protein kinase
EBP	AT3G16770	Ethylene-responsive element binding protein; Probably acts as a transcriptional activator. Binds to the GCC-box pathogenesis-related promoter element. May be involved in the regulation of gene expression by stress factors and by components of stress signal transduction pathways (By similarity)
NDR1	AT3G20600	Non race-specific disease resistance 1; Involved in disease resistance. Required for resistance conferred by multiple R genes recognizing different bacterial and oomycete pathogen isolates like avirulent P.syringae or H.parasitica (downy mildew). Required for the establishment of hypersensitive response (HR) and systemic acquired resistance (SAR) after infection with the bacterial pathogen P.syringae DC3000 carrying avrRpt2. Required for resistance to the soilborne fungus V.longisporum. Interaction with RIN4 is required for the activation of the R gene RPS2 and RPS2-mediated resistance
EIN3	AT3G20770	ETHYLENE-INSENSITIVE3; Probable transcription factor acting as a positive regulator in the ethylene response pathway. Is required for ethylene responsiveness in adult plant tissues. Binds a primary ethylene response element present in the ETHYLENE-RESPONSE-FACTOR1 promoter with consequence to activate the transcription of this gene
ERF1	AT3G23240	"Ethylene response factor 1; Acts as a transcriptional activator. Binds to the GCC- box pathogenesis-related promoter element. Involved in the regulation of gene expression during the plant development, and/or mediated by stress factors and by components of stress signal transduction pathways. Seems to be a key integrator of ethylene and jasmonate signals in the regulation of ethylene/jasmonate- dependent defenses. Can mediate resistance to necrotizing fungi (Botrytis cinerea and Plectosphaerella cucumerina) and to soil borne fungi (Fusarium oxysporum conglutinans and Fusiarium oxysporu [...] "
RIN4	AT3G25070	"RPM1 interacting protein 4; Essential regulator of plant defense, which plays a central role in resistance in case of infection by a pathogen. It is a common target for both type III avirulence proteins from P.syringae (AvrB, AvrRpm1 and AvrRpt2) and for the plant Resistance (R) proteins RPM1 and RPS2. In strains carrying the appropriate R gene for avirulence proteins of the pathogen, its association with avirulence proteins triggers a defense system including the hypersensitive response, which limits the spread of disease. In contrast, in plants lacking appropriate R genes, its associ [...] "
NIMIN-2	AT3G25882	NIM1-interacting 2
PAD3	AT3G26830	"Cytochrome P450 71B15; Multifunctional enzyme involved in the biosynthesis of the indole-derived phytoalexin camalexin. Catalyzes two reactions, the formation of dihydrocamalexate from indole-3-acetonitrile- cysteine conjugate and the oxidative decarboxylation of dihydrocamalexate which is the final step in camalexin biosynthesis. Required for the resistance to the fungal pathogens A.brassicicola, B.cinerea, B.elliptica, B.tulipae, L.maculans and Colletotrichum higginsianum. Seems not to be required for resistance to P.syringae, P.porri, and not involved in age-related resistance"
AT3G28040	AT3G28040	Leucine-rich receptor-like protein kinase family protein
CM1	AT3G29200	Chorismate mutase 1; May play a role in chloroplast biogenesis
LOX2	AT3G45140	"Lipoxygenase 2; 13S-lipoxygenase that can use linolenic acid as substrates. Plant lipoxygenases may be involved in a number of diverse aspects of plant physiology including growth and development, pest resistance, and senescence or responses to wounding. Catalyzes the hydroperoxidation of lipids containing a cis,cis-1,4-pentadiene structure. Required for the wound-induced synthesis of jasmonic acid (JA) in leaves"
MPK3	AT3G45640	"Mitogen-activated protein kinase 3; Involved in oxidative stress-mediated signaling cascade (such as ozone). Involved in the innate immune MAP kinase signaling cascade (MEKK1, MKK4/MKK5 and MPK3/MPK6) downstream of bacterial flagellin receptor FLS2. May be involved in hypersensitive response (HR)-mediated signaling cascade by modulating LIP5 phosphorylation and subsequent multivesicular bodies (MVBs) trafficking. May phosphorylate regulators of WRKY transcription factors. Mediates the phosphorylation of VIP1 and subsequent stress genes transcription in response to Agrobacterium. MKK9-M [...] "
AT3G47090	AT3G47090	Leucine-rich repeat protein kinase-like protein
AT3G47110	AT3G47110	Leucine-rich repeat protein kinase-like protein
AT3G47570	AT3G47570	Leucine-rich repeat protein kinase family protein
AT3G47580	AT3G47580	Leucine-rich repeat protein kinase-like protein
EDS1	AT3G48090	"Enhanced disease susceptibility 1; Positive regulator of basal resistance and of effector- triggered immunity specifically mediated by TIR-NB-LRR (TNL) resistance proteins. Disruption by bacterial effector of EDS1-TIR- NB-LRR resistance protein interactions constitutes the first step in resistance activation (PubMed:22158819). Acts redundantly with salicylic acid to regulate resistance gene-mediated signaling (PubMed:19578402). Triggers early plant defenses and hypersensitive response independently of PAD4, and then recruits PAD4 to potentiate plant defenses through the accumulation of [...] "
At3g49670	AT3G49670	"BARELY ANY MERISTEM 2; Necessary for male gametophyte development, as well as ovule specification and function. Involved in cell-cell communication process required during early anther development, and regulating cell division and differentiation to organize cell layers. Required for the development of high-ordered vascular strands within the leaf and a correlated control of leaf shape, size and symmetry. May regulate the CLV1-dependent CLV3-mediated signaling in meristems maintenance"
IMK2	AT3G51740	Inflorescence meristem receptor-like kinase 2
CPR	AT3G51800	"Metallopeptidase M24 domain-containing protein; Binds RNA. Associates with 28S, 18S and 5.8S mature rRNAs, several rRNA precursors and probably U3 small nucleolar RNA. May be involved in regulation of intermediate and late steps of rRNA processing. May be involved in ribosome assembly (By similarity). Required for expression of cell cycle genes such as CYCD3-1, RNR2A and CDKB1-1. Promotes, in a dose- and auxin- dependent manner, organ growth by stimulating both cell proliferation and expansion, via the regulation of RBR1 levels (PubMed:17024182)"
PAD4	AT3G52430	"PHYTOALEXIN DEFICIENT 4; Probable lipase required downstream of MPK4 for accumulation of the plant defense-potentiating molecule, salicylic acid, thus contributing to the plant innate immunity against invasive biotrophic pathogens and to defense mechanisms upon recognition of microbe-associated molecular patterns (MAMPs). Participates in the regulation of various molecular and physiological processes that influence fitness. Together with SG101, required for programmed cell death (PCD) triggered by NBS- LRR resistance proteins (e.g. RPS4, RPW8.1 and RPW8.2) in response to the fungal tox [...] "
AT3G55870	AT3G55870	ADC synthase superfamily protein
WRKY70	AT3G56400	"WRKY DNA-binding protein 70; Transcription factor. Interacts specifically with the W box (5'-(T)TGAC[CT]-3'), a frequently occurring elicitor- responsive cis-acting element (By similarity)"
BGL2	AT3G57260	"Beta 1,3-glucanase; Implicated in the defense of plants against pathogens (Probable). Not involved in plasmodesmal callose degradation and in the gating of plasmodesmata during tobamovirus infection (PubMed:23656331)"
MPK4	AT4G01370	MAP kinase 4; The ANPs-MKK6-MPK4 module is involved in the regulation of plant cytokinesis during meiosis and mitosis. Essential to promote the progression of cytokinesis and for cellularization (formation of the cell plate) during male-specific meiotic. Involved in cortical microtubules organization and stabilization by regulating the phosphorylation state of microtubule-associated proteins such as MAP65-1. Involved in root hair development process. Negative regulator of systemic acquired resistance (SAR) and salicylic acid- (SA) mediated defense response. Required for jasmonic acid-  [...] 
CPR1	AT4G12560	"F-box protein CPR30; Component of SCF(ASK-cullin-F-box) E3 ubiquitin ligase complexes, which may mediate the ubiquitination and subsequent proteasomal degradation of target proteins (By similarity). Regulates negatively both salicylic acid (SA)-dependent and SA- independent defense signaling"
COP9	AT4G14110	"CONSTITUTIVE PHOTOMORPHOGENIC 9; Component of the COP9 signalosome complex (CSN), a complex involved in various cellular and developmental processes such as photomorphogenesis and auxin and jasmonate responses. The CSN complex is an essential regulator of the ubiquitin (Ubl) conjugation pathway by mediating the deneddylation of the cullin subunits of SCF-type E3 ligase complexes, leading to decrease the Ubl ligase activity of SCF. It is involved in repression of photomorphogenesis in darkness by regulating the activity of COP1- containing Ubl ligase complexes. The complex is also requi [...] "
RPP4	AT4G16860	Recognition of peronospora parasitica 4; TIR-NB-LRR receptor-like protein that confers resistance to the pathogen Hyaloperonospora arabidopsis isolates Emoy2 and Emwa1 (downy mildew disease) (PubMed:11846877). Plays a role in the regulation of temperature response during plant growth and survival (PubMed:20699401)
SNC1	AT4G16890	"SUPPRESSOR OF NPR1-1, CONSTITUTIVE 1; Disease resistance protein of the TIR-NB-LRR-type. Part of the RPP5 locus that contains a cluster of several paralogous disease resistance (R) genes. Resistance proteins guard the plant against pathogens that contain an appropriate avirulence protein via an indirect interaction with this avirulence protein. That triggers a defense system including the hypersensitive response, which restricts the pathogen growth. Regulated by RNA silencing. Expression regulated by MOS1 at chromatin level. Negatively regulated at the transcript level by BON1. Nuclear [...] "
MYC4	AT4G17880	"Transcription factor MYC4; Transcription factor involved in jasmonic acid (JA) gene regulation. With MYC2 and MYC3, controls additively subsets of JA- dependent responses. Can form complexes with all known glucosinolate-related MYBs to regulate glucosinolate biosynthesis. Binds to the G-box (5'-CACGTG-3') of promoters. Activates multiple TIFY/JAZ promoters"
SNI1	AT4G18470	"SUPPRESSOR OF NPR1-1, INDUCIBLE 1"
GSO1	AT4G20140	"GASSHO1; Together with GSO2, receptor-like serine/threonine- kinase required during the development of the epidermal surface in embryos and cotyledons"
AT4G23590	AT4G23590	Tyrosine transaminase-like protein
CORI3	AT4G23600	Cystine lyase; Possesses cystine lyase and tyrosine aminotransferase activities in vitro. May be required for the synthesis of homogentisate a precursor of tocopherols and plastoquinones
PEP	AT4G26000	"PEPPER; Regulates vegetative and gynoecium development (PubMed:16356489). In concert with HUA2, antagonizes FLK by positively regulating FLC probably at transcriptional and post- transcriptional levels, and thus acts as a negative regulator of flowering (PubMed:19576878)"
AT4G28410	AT4G28410	Tyrosine transaminase family protein
AT4G28420	AT4G28420	Tyrosine transaminase family protein
AT4G28650	AT4G28650	Putative leucine-rich repeat transmembrane protein kinase; Involved in the regulation of procambium maintenance and polarity during vascular-tissue development
ASP5	AT4G31990	"Aspartate aminotransferase; Amino acid aminotransferase important for the metabolism of amino acids and Krebs-cycle related organic acids. No activity with D-Asp or D-Ala as amino donors. In plants, it is involved in nitrogen metabolism and in aspects of carbon and energy metabolism"
AT4G36180	AT4G36180	Leucine-rich receptor-like protein kinase family protein
SRFR1	AT4G37460	"SUPPRESSOR OF RPS4-RLD 1; Negative regulator of effector-triggered immunity associated with the EDS1 resistance pathway (PubMed:15469494, PubMed:18774967, PubMed:19649196, PubMed:19525323, PubMed:20862316, PubMed:21079790). May localize its interactors to a microsomal membrane (PubMed:22158819). May therefore negatively regulate RPS4 and SNC1 translocation to the nucleus (PubMed:21079790). Contributes to the regulation of RPS2 and RPS4 protein levels and negatively regulates SNC1 stability (PubMed:20862316)"
EDS5	AT4G39030	"ENHANCED DISEASE SUSCEPTIBILITY 5; Functions as a multidrug and toxin extrusion transporter in the export of salicylic acid (SA) from the chloroplast to the cytoplasm (PubMed:23757404). Plays an essential function in plant defense via the pathogen-induced salicylic acid (SA) accumulation (PubMed:11826312, PubMed:24594657). Acts also as a key component of the Age-related resistance (ARR) pathway (PubMed:11884688, PubMed:19694953, PubMed:24594657)"
BRI1	AT4G39400	"BRASSINOSTEROID INSENSITIVE 1; Receptor with a dual specificity kinase activity acting on both serine/threonine- and tyrosine-containing substrates. Regulates, in response to brassinosteroid binding, a signaling cascade involved in plant development, including expression of light- and stress-regulated genes, promotion of cell elongation, normal leaf and chloroplast senescence, and flowering. Binds brassinolide, and less effectively castasterone, but not 2,3,22,23-O-tetramethylbrassinolide or ecdysone. May be involved in a feedback regulation of brassinosteroid biosynthesis. Phosphoryla [...] "
EIN2	AT5G03280	"ETHYLENE INSENSITIVE 2; Central factor in signaling pathways regulated by ethylene (ET), and involved in various processes including development, plant defense, senescence, nucleotide sugar flux, and tropisms. Necessary for ethylene-mediated gene regulation, and for the induction of some genes by ozone. Acts downstream of ET receptors, and upstream of ethylene regulated transcription factors. Required for cytokinin-mediated processes. Seems to be implicated in cross-talk between ET, jasmonate and other pathways. Probably not involved in iron uptake (PubMed:10381874, PubMed:12953109, Pu [...] "
ASA1	AT5G05730	"Anthranilate synthase component I-1; Part of a heterotetrameric complex that catalyzes the two-step biosynthesis of anthranilate, an intermediate in the biosynthesis of L-tryptophan. In the first step, the glutamine- binding beta subunit of anthranilate synthase (AS) provides the glutamine amidotransferase activity which generates ammonia as a substrate that, along with chorismate, is used in the second step, catalyzed by the large alpha subunit of AS to produce anthranilate. Plays an important regulatory role in auxin production via the tryptophan-dependent biosynthetic pathway"
TGA10	AT5G06839	TGACG (TGA) motif-binding protein 10
AHBP-1B	AT5G06950	Transcription factor TGA2; Transcriptional activator that binds specifically to the DNA sequence 5'-TGACG-3'. Recognizes ocs elements like the as-1 motif of the cauliflower mosaic virus 35S promoter. Binding to the as-1-like cis elements mediate auxin- and salicylic acid-inducible transcription. Required to induce the systemic acquired resistance (SAR) via the regulation of pathogenesis-related genes expression. Binding to the as-1 element of PR-1 promoter is salicylic acid- inducible and mediated by NPR1. Could also bind to the C-boxes (5'-ATGACGTCAT-3') with high affinity
OBF5	AT5G06960	Transcription factor TGA5; Transcriptional activator that binds specifically to the DNA sequence 5'-TGACG-3'. Recognizes ocs elements like the as-1 motif of the cauliflower mosaic virus 35S promoter. Binding to the as-1-like cis elements mediate auxin- and salicylic acid-inducible transcription. May be involved in the induction of the systemic acquired resistance (SAR) via its interaction with NPR1. Could also bind to the Hex-motif (5'-TGACGTGG-3') another cis-acting element found in plant histone promoters
ERL2	AT5G07180	"ERECTA-like 2; Receptor kinase that regulates inflorescence architecture and organ shape as well as stomatal patterning, including density and clustering, together with ERL1 and ER"
EMS1	AT5G07280	"EXCESS MICROSPOROCYTES1; Receptor with a serine/threonine-protein kinase activity required for the specification of the correct number of male archesporial initials and for the subsequent specification of tapetal and middle cell layer identities. In seeds, required for enhancing cell size and the rate of embryonic development"
TGA4	AT5G10030	Transcription factor TGA4; Transcriptional activator that binds specifically to the DNA sequence 5'-TGACG-3'. Recognizes ocs elements like the as-1 motif of the cauliflower mosaic virus 35S promoter. Binding to the as-1-like cis elements mediate auxin- and salicylic acid-inducible transcription. May be involved in the induction of the systemic acquired resistance (SAR) via its interaction with NPR1. Could also bind to the Hex-motif (5'-TGACGTGG-3') another cis-acting element found in plant histone promoters
HPA1	AT5G10330	Histidinol-phosphate aminotransferase
CM2	AT5G10870	Chorismate mutase 2
ASP3	AT5G11520	"Aspartate aminotransferase; Amino acid aminotransferase important for the metabolism of amino acids and Krebs-cycle related organic acids. No activity with D-Asp or D-Ala as amino donors. In plants, it is involved in nitrogen metabolism and in aspects of carbon and energy metabolism"
PBS3	AT5G13320	"AVRPPHB SUSCEPTIBLE 3; Catalyzes the conjugation of specific amino acids (e.g. Glu and possibly His, Lys, and Met) to their preferred acyl substrates (e.g. 4-substituted benzoates), in a magnesium ion- and ATP-dependent manner. Can use 4-substituted benzoates such as 4- aminobenzoate (pABA), 4-fluorobenzoate and 4-hydroxybenzoate (4- HBA), and, to a lesser extent, benzoate, vanillate and trans- cinnamate, but not 2-substituted benzoates and salicylic acid (SA), as conjugating acyl substrates. Involved in both basal and induced resistance in a SA-dependent manner. Confers resistance to  [...] "
ASP2	AT5G19550	Aspartate aminotransferase; Important for the metabolism of amino acids and Krebs- cycle related organic acids. Involved in plant nitrogen metabolism of Asp and Asp-derived amino acids and in the synthesis of Asp/Asn for seed storage (PubMed:12068109). May be involved in the assessment of the pyridoxal phosphate levels in the cell (PubMed:21511809)
EFR	AT5G20480	"EF-TU receptor; Constitutes the pattern-recognition receptor (PPR) that determines the specific perception of elongation factor Tu (EF- Tu), a potent elicitor of the defense response to pathogen- associated molecular patterns (PAMPs). Reduces transformation by Rhizobium radiobacter probably by inducing plant defense during the interaction. Binding to the effector AvrPto1 from P.syringae blocks the downstream plant immune response while interaction with hopD2 decreases the phosphorylation level of EFR upon elf18 treatment. Specific endoplasmic reticulum quality control components (ERD2B [...] "
VSP2	AT5G24770	Vegetative storage protein 2; May function as somatic storage protein during early seedling development
VSP1	AT5G24780	Vegetative storage protein 1; May function as somatic storage protein during early seedling development
AT5G25930	AT5G25930	Protein kinase family protein with leucine-rich repeat domain
CBP60G	AT5G26920	"Cam-binding protein 60-like G; Transcription activator that binds DNA in a sequence- specific manner, 5'-GAAATTTTGG-3', to promote the expression of target genes (PubMed:20921422, PubMed:21615571, PubMed:23153277). Recruited to the promoter of ICS1 and other defense-related genes (e.g. PR1, PR2 and EDS5) in response to both biotic (e.g. Pseudomonas syringae pv. maculicola ES4326, P. syringae pv. tomato DC3000, and microbe-associated molecular patterns (MAMPs) such as flg22) and abiotic stresses (e.g. UV-B, drought and abscisic acid), thus triggering rapid defense responses by stimulati [...] "
AT5G34930	AT5G34930	Arogenate dehydrogenase; Involved in the biosynthesis of tyrosine. Has no prephenate dehydrogenase activity
AT5G36160	AT5G36160	"Tyrosine aminotransferase; Transaminase involved in tyrosine breakdown. Converts tyrosine to p-hydroxyphenylpyruvate. Can catalyze the reverse reaction, using L-glutamate in vitro. Can convert phenylalanine to phenylpyruvate and catalyze the reverse reaction in vitro"
AT5G37450	AT5G37450	Leucine-rich repeat protein kinase-like protein
AOS	AT5G42650	Allene oxide synthase
PDF1.2	AT5G44420	Plant defensin 1.2; Confers broad-spectrum resistance to pathogens. Has antifungal activity in vitro
GSO2	AT5G44700	"GASSHO 2; Together with GSO1, receptor-like serine/threonine- kinase required during the development of the epidermal surface in embryos and cotyledons. Involved in the nuclear division phase of megagametogenesis"
MPL12.8	AT5G46330	"FLAGELLIN-SENSITIVE 2; Constitutes the pattern-recognition receptor (PPR) that determines the specific perception of flagellin (flg22), a potent elicitor of the defense response to pathogen-associated molecular patterns (PAMPs). Flagellin-binding to the receptor is the first step to initiate the innate immune MAP kinase signaling cascade (MEKK1, MKK4/MKK5 and MPK3/MPK6), resulting in enhanced resistance against pathogens. Binding to the effector AvrPto1 or to the phosphatase hopD2 from Pseudomonas syringae blocks the downstream plant immune response"
RBOHD	AT5G47910	Respiratory burst oxidase-D; Calcium-dependent NADPH oxidase that generates superoxide. Involved in the generation of reactive oxygen species (ROS) during incompatible interactions with pathogens and in UV-B and abscisic acid ROS-dependent signaling. Might be required for ROS signal amplification during light stress
AT5G49770	AT5G49770	Leucine-rich repeat protein kinase family protein
PBS2	AT5G51700	PPHB SUSCEPTIBLE 2; Required specifically for plant innate immunity. Is essential for resistance conferred by multiple R genes recognizing different bacterial and oomycete pathogen isolates like avirulent P.syringae or H.parasitica (downy mildew). Contributes additively with SGT1B to RPP5-dependent resistance. Functions as positive regulator of RPS5 accumulation by assisting its stabilization. May function as co-chaperone of HSP90-2 to positively regulate the steady-state accumulation of RPM1 and protect it from SGT1- mediated degradation. Acts as negative regulator of pathogen- associ [...] 
PSKR2	AT5G53890	Phytosulfokine receptor 2; Phytosulfokine receptor with a serine/threonine-protein kinase activity
TAT7	AT5G53970	Tyrosine aminotransferase
ANK	AT5G54610	Ankyrin
AT5G57890	AT5G57890	"Anthranilate synthase component II; Part of a heterotetrameric complex that catalyzes the two-step biosynthesis of anthranilate, an intermediate in the biosynthesis of L-tryptophan. In the first step, the glutamine- binding beta subunit of anthranilate synthase (AS) provides the glutamine amidotransferase activity which generates ammonia as a substrate that, along with chorismate, is used in the second step, catalyzed by the large alpha subunit of AS to produce anthranilate (By similarity)"
ERL1	AT5G62230	"ERECTA-like 1; Receptor kinase that regulates inflorescence architecture and organ shape as well as stomatal patterning, including density and clustering, together with ER and ERL2. Redundantly involved with ER in procambial development regulation. Forms a functional ligand-receptor pair with EPF1 (AC Q8S8I4) (PubMed:22241782)"
AT5G63930	AT5G63930	Leucine-rich repeat protein kinase-like protein
CPR5	AT5G64930	"Protein CPR-5; Regulates negatively the senescence and chlorotic lesions induced by biotic (e.g. pathogens) and abiotic (e.g. sugars, darkness) agents, probably by controlling programmed cell death (pcd). Promotes cell division and endoreduplication (e.g. in trichomes)"
TGA1	AT5G65210	Transcription factor TGA1; Transcriptional activator that binds specifically to the DNA sequence 5'-TGACG-3'. Recognizes ocs elements like the as-1 motif of the cauliflower mosaic virus 35S promoter. Binding to the as-1-like cis elements mediate auxin- and salicylic acid-inducible transcription. May be involved in the induction of the systemic acquired resistance (SAR) via its interaction with NPR1. Could also bind to the Hex-motif (5'-TGACGTGG-3') another cis-acting element found in plant histone promoters
MPA24.5	AT5G65700	"BARELY ANY MERISTEM 1; Necessary for male gametophyte development, as well as ovule specification and function. Involved in cell-cell communication process required during early anther development, and regulating cell division and differentiation to organize cell layers. Required for the development of high-ordered vascular strands within the leaf and a correlated control of leaf shape, size and symmetry. May regulate the CLV1-dependent CLV3-mediated signaling in meristems maintenance"
HSL2	AT5G65710	HAESA-like 2; Receptor-like serine/threonine-kinase acting on substrates that controls floral organ abscission. Regulated by the 'INFLORESCENCE DEFICIENT IN ABSCISSION' (IDA) family of ligands
